-- --------------------------------------------------------
-- Host:                         127.0.0.1
-- Versión del servidor:         8.0.30 - MySQL Community Server - GPL
-- SO del servidor:              Win64
-- HeidiSQL Versión:             12.1.0.6537
-- --------------------------------------------------------

/*!40101 SET @OLD_CHARACTER_SET_CLIENT=@@CHARACTER_SET_CLIENT */;
/*!40101 SET NAMES utf8 */;
/*!50503 SET NAMES utf8mb4 */;
/*!40103 SET @OLD_TIME_ZONE=@@TIME_ZONE */;
/*!40103 SET TIME_ZONE='+00:00' */;
/*!40014 SET @OLD_FOREIGN_KEY_CHECKS=@@FOREIGN_KEY_CHECKS, FOREIGN_KEY_CHECKS=0 */;
/*!40101 SET @OLD_SQL_MODE=@@SQL_MODE, SQL_MODE='NO_AUTO_VALUE_ON_ZERO' */;
/*!40111 SET @OLD_SQL_NOTES=@@SQL_NOTES, SQL_NOTES=0 */;


-- Volcando estructura de base de datos para db_encuesta_3
CREATE DATABASE IF NOT EXISTS `db_encuesta_3` /*!40100 DEFAULT CHARACTER SET utf8mb4 COLLATE utf8mb4_unicode_ci */ /*!80016 DEFAULT ENCRYPTION='N' */;
USE `db_encuesta_3`;

-- Volcando estructura para tabla db_encuesta_3.alternative
CREATE TABLE IF NOT EXISTS `alternative` (
  `id` int NOT NULL AUTO_INCREMENT,
  `questions_id` int NOT NULL,
  `title` varchar(255) CHARACTER SET utf8mb4 COLLATE utf8mb4_unicode_ci NOT NULL,
  `date_insert` datetime DEFAULT NULL,
  `user_update` int DEFAULT NULL,
  `user_insert` int DEFAULT NULL,
  `date_update` datetime DEFAULT NULL,
  PRIMARY KEY (`id`),
  KEY `IDX_EFF5DFABCB134CE` (`questions_id`),
  CONSTRAINT `FK_EFF5DFABCB134CE` FOREIGN KEY (`questions_id`) REFERENCES `questions` (`id`)
) ENGINE=InnoDB AUTO_INCREMENT=140 DEFAULT CHARSET=utf8mb4 COLLATE=utf8mb4_unicode_ci;

-- Volcando datos para la tabla db_encuesta_3.alternative: ~79 rows (aproximadamente)
DELETE FROM `alternative`;
INSERT INTO `alternative` (`id`, `questions_id`, `title`, `date_insert`, `user_update`, `user_insert`, `date_update`) VALUES
	(51, 29, 'Persona Natural con Negocio', '2023-07-27 04:51:48', NULL, 3, NULL),
	(52, 29, 'EIRL', '2023-07-27 04:51:53', NULL, 3, NULL),
	(53, 29, 'SRL', '2023-07-27 04:52:20', NULL, 3, NULL),
	(54, 29, 'SAC', '2023-07-27 04:52:24', NULL, 3, NULL),
	(55, 29, 'SAA', '2023-07-27 04:52:30', NULL, 3, NULL),
	(56, 29, 'SA', '2023-07-27 04:52:34', NULL, 3, NULL),
	(57, 31, 'Si', '2023-07-27 04:55:05', NULL, 3, NULL),
	(58, 31, 'No', '2023-07-27 04:55:09', NULL, 3, NULL),
	(59, 33, 'Si', '2023-07-27 05:14:12', NULL, 3, NULL),
	(60, 33, 'No', '2023-07-27 05:14:16', NULL, 3, NULL),
	(61, 34, 'Tradicionales (Prensa o TV)', '2023-07-27 05:15:14', NULL, 3, NULL),
	(62, 34, 'Redes Sociales', '2023-07-27 05:15:21', NULL, 3, NULL),
	(63, 34, 'Página Web', '2023-07-27 05:15:27', NULL, 3, NULL),
	(64, 35, 'Producto', '2023-07-27 05:16:29', NULL, 3, NULL),
	(65, 35, 'Servicio', '2023-07-27 05:16:36', NULL, 3, NULL),
	(66, 36, 'Ninguno', '2023-07-27 05:18:11', 3, 3, '2023-12-14 13:38:20'),
	(67, 36, 'De 1 a 2', '2023-07-27 05:18:20', 3, 3, '2023-12-14 13:38:29'),
	(68, 36, 'De 3 a 5', '2023-07-27 05:18:39', 3, 3, '2023-12-14 13:38:39'),
	(69, 36, 'De 6 a 10', '2023-07-27 05:18:45', 3, 3, '2023-12-14 13:38:46'),
	(70, 36, '+ de 10', '2023-07-27 05:18:52', 3, 3, '2023-12-14 13:38:53'),
	(71, 37, 'Si', '2023-07-27 05:26:05', NULL, 3, NULL),
	(72, 37, 'No', '2023-07-27 05:26:10', NULL, 3, NULL),
	(73, 38, 'B2B', '2023-09-11 07:42:33', NULL, 3, NULL),
	(74, 38, 'B2C', '2023-09-11 07:42:39', NULL, 3, NULL),
	(75, 38, 'B2B2C', '2023-09-11 07:42:50', NULL, 3, NULL),
	(76, 39, 'Comercialización', '2023-09-11 07:44:59', NULL, 3, NULL),
	(77, 39, 'Industrial', '2023-09-11 07:45:06', NULL, 3, NULL),
	(78, 39, 'Servicios Generales', '2023-09-11 07:45:22', NULL, 3, NULL),
	(79, 39, 'Consultoría', '2023-09-11 07:45:28', NULL, 3, NULL),
	(80, 39, 'Exportación', '2023-09-11 07:45:48', NULL, 3, NULL),
	(81, 39, 'Intermediación', '2023-09-11 07:45:59', NULL, 3, NULL),
	(82, 39, 'Logística', '2023-09-11 07:46:10', NULL, 3, NULL),
	(83, 42, 'RUP', '2023-12-12 22:53:07', NULL, 3, NULL),
	(84, 42, 'SCRUM', '2023-12-12 22:53:20', NULL, 3, NULL),
	(85, 42, 'XP', '2023-12-12 22:53:26', NULL, 3, NULL),
	(86, 43, 'PHP - SYMFONY', '2023-12-12 22:55:34', 3, 3, '2023-12-12 22:55:58'),
	(87, 43, 'NODE JS - NEXT JS', '2023-12-12 22:56:19', NULL, 3, NULL),
	(88, 43, 'C# - .NET', '2023-12-12 22:56:43', NULL, 3, NULL),
	(89, 43, 'JAVA - SPRING BOOT', '2023-12-12 22:57:26', NULL, 3, NULL),
	(90, 44, 'TypeScript -Angular', '2023-12-12 22:58:58', NULL, 3, NULL),
	(91, 44, 'Javascript - React', '2023-12-12 22:59:18', NULL, 3, NULL),
	(92, 44, 'Javascript - Vue Js', '2023-12-12 22:59:35', NULL, 3, NULL),
	(93, 45, 'Pruebas Funcionales.', '2023-12-12 23:07:04', NULL, 3, NULL),
	(94, 45, 'Pruebas de Integración', '2023-12-12 23:08:14', NULL, 3, NULL),
	(95, 45, 'Prueba de seguridad', '2023-12-12 23:08:22', NULL, 3, NULL),
	(96, 45, 'Prueba de Usabilidad', '2023-12-12 23:08:32', NULL, 3, NULL),
	(97, 46, 'De 0 a 10,000', '2023-12-14 11:57:43', NULL, 3, NULL),
	(98, 46, 'De 10.001 a 30,000', '2023-12-14 11:58:03', 3, 3, '2023-12-14 11:58:17'),
	(99, 46, 'De 30,001 a 50,000', '2023-12-14 11:58:41', NULL, 3, NULL),
	(100, 46, 'De 50,001 a 100,000', '2023-12-14 11:58:56', NULL, 3, NULL),
	(101, 46, 'De 100,001 a 200,000', '2023-12-14 11:59:16', 3, 3, '2023-12-14 12:00:18'),
	(102, 46, 'De 200,001 a 400,000', '2023-12-14 11:59:32', 3, 3, '2023-12-14 12:00:29'),
	(103, 46, 'Más de 400,001', '2023-12-14 12:00:42', NULL, 3, NULL),
	(104, 47, 'Tienda u Oficina', '2023-12-14 12:09:29', NULL, 3, NULL),
	(105, 47, 'Redes Sociales', '2023-12-14 12:54:44', NULL, 3, NULL),
	(106, 47, 'Web', '2023-12-14 12:54:48', NULL, 3, NULL),
	(107, 47, 'Referencias y Networking', '2023-12-14 12:55:02', NULL, 3, NULL),
	(108, 48, 'Si', '2023-12-14 13:28:30', NULL, 3, NULL),
	(109, 48, 'No', '2023-12-14 13:28:35', NULL, 3, NULL),
	(110, 49, 'De 1 a 2', '2023-12-14 13:29:43', 3, 3, '2023-12-14 13:48:19'),
	(111, 49, 'De 3 a 5', '2023-12-14 13:29:55', NULL, 3, NULL),
	(112, 49, 'De 6 a 10', '2023-12-14 13:30:01', NULL, 3, NULL),
	(113, 49, 'De 10 a 15', '2023-12-14 13:30:10', NULL, 3, NULL),
	(114, 49, 'De 16 a 25', '2023-12-14 13:30:22', NULL, 3, NULL),
	(115, 49, 'Más de 25', '2023-12-14 13:30:28', NULL, 3, NULL),
	(116, 50, 'Ninguna', '2023-12-14 13:35:40', NULL, 3, NULL),
	(117, 50, 'De 1 a 3', '2023-12-14 13:35:57', NULL, 3, NULL),
	(118, 50, 'De 4 a 6', '2023-12-14 13:36:06', NULL, 3, NULL),
	(119, 50, 'De 7 a 10', '2023-12-14 13:36:12', NULL, 3, NULL),
	(120, 50, 'De 11 a 15', '2023-12-14 13:36:18', NULL, 3, NULL),
	(121, 50, 'De 16 a 20', '2023-12-14 13:36:25', NULL, 3, NULL),
	(122, 50, 'De 21 a 30', '2023-12-14 13:36:34', 3, 3, '2023-12-14 13:37:00'),
	(123, 50, 'De 31 a 40', '2023-12-14 13:36:40', 3, 3, '2023-12-14 13:37:07'),
	(124, 50, 'Más de 41', '2023-12-14 13:36:49', NULL, 3, NULL),
	(125, 24, 'Si', '2023-12-14 13:45:02', NULL, 3, NULL),
	(126, 24, 'No', '2023-12-14 13:45:07', NULL, 3, NULL),
	(127, 49, 'Ninguno', '2023-12-14 13:48:08', NULL, 3, NULL),
	(128, 31, 'Puede ser', NULL, NULL, 12, NULL),
	(138, 29, 'completando de regostr.', '2025-07-16 22:13:15', NULL, 12, NULL),
	(139, 29, 'mi ultimo intento.', '2025-07-16 22:13:29', NULL, 12, NULL);

-- Volcando estructura para tabla db_encuesta_3.category
CREATE TABLE IF NOT EXISTS `category` (
  `id` int NOT NULL AUTO_INCREMENT,
  `title` varchar(255) CHARACTER SET utf8mb4 COLLATE utf8mb4_unicode_ci NOT NULL,
  `state` int NOT NULL,
  PRIMARY KEY (`id`)
) ENGINE=InnoDB AUTO_INCREMENT=14 DEFAULT CHARSET=utf8mb4 COLLATE=utf8mb4_unicode_ci;

-- Volcando datos para la tabla db_encuesta_3.category: ~12 rows (aproximadamente)
DELETE FROM `category`;
INSERT INTO `category` (`id`, `title`, `state`) VALUES
	(1, 'Servicios Generales', 1),
	(2, 'Construcción', 1),
	(3, 'Importación', 1),
	(4, 'Marketing Digital', 1),
	(5, 'Servicios Jurídicos', 1),
	(6, 'Mantenimiento de Equipos', 1),
	(7, 'Desarrollo de Software', 1),
	(8, 'Proveedores del Estado', 1),
	(9, 'Agroexportación', 1),
	(10, 'Metalmecánica', 1),
	(11, 'Agencias de Viaje', 1),
	(12, 'Técnologico 2', 2);

-- Volcando estructura para tabla db_encuesta_3.category_questions
CREATE TABLE IF NOT EXISTS `category_questions` (
  `category_id` int NOT NULL,
  `questions_id` int NOT NULL,
  PRIMARY KEY (`category_id`,`questions_id`),
  KEY `IDX_4DBC86E512469DE2` (`category_id`),
  KEY `IDX_4DBC86E5BCB134CE` (`questions_id`),
  CONSTRAINT `FK_4DBC86E512469DE2` FOREIGN KEY (`category_id`) REFERENCES `category` (`id`) ON DELETE CASCADE,
  CONSTRAINT `FK_4DBC86E5BCB134CE` FOREIGN KEY (`questions_id`) REFERENCES `questions` (`id`) ON DELETE CASCADE
) ENGINE=InnoDB DEFAULT CHARSET=utf8mb4 COLLATE=utf8mb4_unicode_ci;

-- Volcando datos para la tabla db_encuesta_3.category_questions: ~204 rows (aproximadamente)
DELETE FROM `category_questions`;
INSERT INTO `category_questions` (`category_id`, `questions_id`) VALUES
	(1, 24),
	(1, 26),
	(1, 27),
	(1, 28),
	(1, 29),
	(1, 30),
	(1, 31),
	(1, 32),
	(1, 33),
	(1, 34),
	(1, 35),
	(1, 36),
	(1, 37),
	(1, 38),
	(1, 39),
	(1, 46),
	(1, 47),
	(1, 48),
	(1, 49),
	(1, 50),
	(2, 24),
	(2, 26),
	(2, 27),
	(2, 28),
	(2, 29),
	(2, 30),
	(2, 31),
	(2, 32),
	(2, 33),
	(2, 34),
	(2, 35),
	(2, 36),
	(2, 37),
	(2, 38),
	(2, 39),
	(2, 46),
	(2, 47),
	(2, 48),
	(2, 49),
	(2, 50),
	(3, 24),
	(3, 26),
	(3, 27),
	(3, 28),
	(3, 29),
	(3, 30),
	(3, 31),
	(3, 32),
	(3, 34),
	(3, 35),
	(3, 36),
	(3, 37),
	(3, 38),
	(3, 39),
	(3, 46),
	(3, 47),
	(3, 48),
	(3, 49),
	(3, 50),
	(4, 26),
	(4, 27),
	(4, 28),
	(4, 29),
	(4, 30),
	(4, 31),
	(4, 32),
	(4, 34),
	(4, 35),
	(4, 36),
	(4, 37),
	(4, 38),
	(4, 39),
	(4, 46),
	(4, 47),
	(4, 48),
	(4, 49),
	(4, 50),
	(5, 26),
	(5, 27),
	(5, 28),
	(5, 29),
	(5, 30),
	(5, 31),
	(5, 32),
	(5, 33),
	(5, 34),
	(5, 35),
	(5, 36),
	(5, 37),
	(5, 38),
	(5, 39),
	(5, 46),
	(5, 47),
	(5, 48),
	(5, 49),
	(5, 50),
	(6, 24),
	(6, 26),
	(6, 27),
	(6, 28),
	(6, 29),
	(6, 30),
	(6, 31),
	(6, 32),
	(6, 33),
	(6, 34),
	(6, 35),
	(6, 36),
	(6, 37),
	(6, 38),
	(6, 39),
	(6, 46),
	(6, 47),
	(6, 48),
	(6, 49),
	(6, 50),
	(7, 26),
	(7, 27),
	(7, 28),
	(7, 29),
	(7, 30),
	(7, 31),
	(7, 32),
	(7, 33),
	(7, 34),
	(7, 35),
	(7, 36),
	(7, 37),
	(7, 38),
	(7, 39),
	(7, 46),
	(7, 47),
	(7, 48),
	(7, 49),
	(7, 50),
	(8, 24),
	(8, 26),
	(8, 27),
	(8, 28),
	(8, 29),
	(8, 30),
	(8, 31),
	(8, 32),
	(8, 35),
	(8, 38),
	(8, 39),
	(8, 46),
	(8, 47),
	(8, 48),
	(8, 49),
	(8, 50),
	(9, 24),
	(9, 26),
	(9, 27),
	(9, 28),
	(9, 29),
	(9, 30),
	(9, 31),
	(9, 32),
	(9, 35),
	(9, 38),
	(9, 39),
	(9, 46),
	(9, 47),
	(9, 48),
	(9, 49),
	(9, 50),
	(10, 24),
	(10, 26),
	(10, 27),
	(10, 28),
	(10, 29),
	(10, 30),
	(10, 31),
	(10, 32),
	(10, 35),
	(10, 38),
	(10, 39),
	(10, 46),
	(10, 47),
	(10, 48),
	(10, 49),
	(10, 50),
	(11, 27),
	(11, 28),
	(11, 29),
	(11, 30),
	(11, 46),
	(11, 47),
	(11, 48),
	(11, 49),
	(11, 50),
	(12, 27),
	(12, 29),
	(12, 30),
	(12, 42),
	(12, 43),
	(12, 44),
	(12, 45),
	(12, 46),
	(12, 47),
	(12, 48),
	(12, 49),
	(12, 50);

-- Volcando estructura para tabla db_encuesta_3.customer
CREATE TABLE IF NOT EXISTS `customer` (
  `id` int NOT NULL AUTO_INCREMENT,
  `category_id` int NOT NULL,
  `ip` varchar(20) CHARACTER SET utf8mb4 COLLATE utf8mb4_unicode_ci NOT NULL,
  `customer_date` datetime NOT NULL,
  `status` int DEFAULT NULL,
  PRIMARY KEY (`id`),
  KEY `IDX_81398E0912469DE2` (`category_id`),
  CONSTRAINT `FK_81398E0912469DE2` FOREIGN KEY (`category_id`) REFERENCES `category` (`id`)
) ENGINE=InnoDB AUTO_INCREMENT=9 DEFAULT CHARSET=utf8mb4 COLLATE=utf8mb4_unicode_ci;

-- Volcando datos para la tabla db_encuesta_3.customer: ~8 rows (aproximadamente)
DELETE FROM `customer`;
INSERT INTO `customer` (`id`, `category_id`, `ip`, `customer_date`, `status`) VALUES
	(1, 1, '', '2023-08-26 00:06:51', NULL),
	(2, 2, '', '2023-09-02 00:03:40', NULL),
	(3, 1, '', '2023-10-07 05:33:54', NULL),
	(4, 12, '', '2023-12-12 23:13:26', 2),
	(5, 12, '', '2023-12-12 23:14:08', 2),
	(6, 2, '', '2023-12-14 13:45:52', 2),
	(7, 12, '', '2023-12-15 00:22:12', 2),
	(8, 12, '', '2023-12-15 01:16:51', 2);

-- Volcando estructura para tabla db_encuesta_3.customer_survey
CREATE TABLE IF NOT EXISTS `customer_survey` (
  `id` int NOT NULL AUTO_INCREMENT,
  `customer_id` int NOT NULL,
  `questions_id` int NOT NULL,
  `type_alternative` varchar(40) CHARACTER SET utf8mb4 COLLATE utf8mb4_unicode_ci DEFAULT NULL,
  `answer` varchar(255) CHARACTER SET utf8mb4 COLLATE utf8mb4_unicode_ci DEFAULT NULL,
  `id_alternative` int DEFAULT NULL,
  PRIMARY KEY (`id`),
  KEY `IDX_1C9A47AD9395C3F3` (`customer_id`),
  KEY `IDX_1C9A47ADBCB134CE` (`questions_id`),
  CONSTRAINT `FK_1C9A47AD9395C3F3` FOREIGN KEY (`customer_id`) REFERENCES `customer` (`id`),
  CONSTRAINT `FK_1C9A47ADBCB134CE` FOREIGN KEY (`questions_id`) REFERENCES `questions` (`id`)
) ENGINE=InnoDB AUTO_INCREMENT=100 DEFAULT CHARSET=utf8mb4 COLLATE=utf8mb4_unicode_ci;

-- Volcando datos para la tabla db_encuesta_3.customer_survey: ~99 rows (aproximadamente)
DELETE FROM `customer_survey`;
INSERT INTO `customer_survey` (`id`, `customer_id`, `questions_id`, `type_alternative`, `answer`, `id_alternative`) VALUES
	(1, 1, 24, '1', 'Percy Nuñez', NULL),
	(2, 1, 36, '3', NULL, 67),
	(3, 1, 37, '3', NULL, 72),
	(4, 1, 26, '6', '2023-08-21', NULL),
	(5, 1, 31, '3', NULL, 57),
	(6, 1, 32, '2', 'Somos una empresa de la mejor calidad y movilidad de datos.', NULL),
	(7, 1, 27, '6', '2023-08-13', NULL),
	(8, 1, 28, '1', 'Lima', NULL),
	(9, 1, 29, '3', NULL, 54),
	(10, 1, 30, '1', '1', NULL),
	(11, 1, 35, '3', NULL, NULL),
	(12, 1, 33, '1', NULL, NULL),
	(13, 1, 34, '3', NULL, NULL),
	(14, 2, 27, '6', NULL, NULL),
	(15, 2, 28, '1', NULL, NULL),
	(16, 2, 29, '3', NULL, NULL),
	(17, 2, 30, '1', NULL, NULL),
	(18, 2, 26, '6', NULL, NULL),
	(19, 2, 31, '3', NULL, NULL),
	(20, 2, 32, '2', NULL, NULL),
	(21, 2, 35, '3', NULL, NULL),
	(22, 2, 33, '1', NULL, NULL),
	(23, 2, 34, '3', NULL, NULL),
	(24, 2, 24, '1', NULL, NULL),
	(25, 2, 36, '3', NULL, NULL),
	(26, 2, 37, '3', NULL, NULL),
	(27, 3, 27, '6', '2020-07-01', NULL),
	(28, 3, 28, '1', 'Lima', NULL),
	(29, 3, 29, '3', NULL, 54),
	(30, 3, 30, '1', '3', NULL),
	(31, 3, 26, '6', '', NULL),
	(32, 3, 31, '3', NULL, 57),
	(33, 3, 32, '2', '', NULL),
	(34, 3, 39, '3', NULL, 76),
	(35, 3, 35, '3', NULL, 64),
	(36, 3, 38, '3', NULL, 73),
	(37, 3, 33, '1', '', NULL),
	(38, 3, 34, '3', NULL, 61),
	(39, 3, 24, '1', '', NULL),
	(40, 3, 36, '3', NULL, 66),
	(41, 3, 37, '3', NULL, 71),
	(42, 4, 27, '6', '1998-12-04', NULL),
	(43, 4, 29, '3', NULL, 54),
	(44, 4, 30, '1', '3', NULL),
	(45, 4, 42, '3', NULL, NULL),
	(46, 4, 43, '3', NULL, NULL),
	(47, 4, 44, '3', NULL, NULL),
	(48, 4, 45, '3', NULL, NULL),
	(49, 5, 27, '6', '2023-12-10', NULL),
	(50, 5, 29, '3', NULL, 54),
	(51, 5, 30, '1', '4', NULL),
	(52, 5, 42, '3', NULL, NULL),
	(53, 5, 43, '3', NULL, NULL),
	(54, 5, 44, '3', NULL, NULL),
	(55, 5, 45, '3', NULL, NULL),
	(56, 6, 27, '6', '2021-08-04', NULL),
	(57, 6, 28, '1', 'Trujillo', NULL),
	(58, 6, 29, '3', NULL, 54),
	(59, 6, 30, '1', '2', NULL),
	(60, 6, 26, '6', '2021-08-04', NULL),
	(61, 6, 31, '3', NULL, 58),
	(62, 6, 32, '2', 'Ninguna', NULL),
	(63, 6, 39, '3', NULL, 78),
	(64, 6, 35, '3', NULL, 64),
	(65, 6, 38, '3', NULL, 73),
	(66, 6, 46, '3', NULL, 97),
	(67, 6, 47, '3', NULL, 104),
	(68, 6, 48, '3', NULL, 108),
	(69, 6, 49, '1', '1', NULL),
	(70, 6, 33, '1', 'No', NULL),
	(71, 6, 34, '3', NULL, 63),
	(72, 6, 24, '1', 'No', NULL),
	(73, 6, 36, '3', NULL, 67),
	(74, 6, 37, '3', NULL, 71),
	(75, 6, 50, '3', NULL, 118),
	(76, 7, 27, '6', '2023-12-15', NULL),
	(77, 7, 29, '3', NULL, 51),
	(78, 7, 30, '1', '22', NULL),
	(79, 7, 46, '3', NULL, 102),
	(80, 7, 47, '3', NULL, 107),
	(81, 7, 48, '3', NULL, 109),
	(82, 7, 49, '1', '333', NULL),
	(83, 7, 50, '3', NULL, 120),
	(84, 7, 42, '3', NULL, 83),
	(85, 7, 43, '3', NULL, 86),
	(86, 7, 44, '3', NULL, 90),
	(87, 7, 45, '3', NULL, 94),
	(88, 8, 27, '6', '2023-12-06', NULL),
	(89, 8, 29, '3', NULL, 54),
	(90, 8, 30, '1', '6', NULL),
	(91, 8, 46, '3', NULL, 98),
	(92, 8, 47, '3', NULL, 105),
	(93, 8, 48, '3', NULL, 108),
	(94, 8, 49, '1', '200', NULL),
	(95, 8, 50, '3', NULL, 117),
	(96, 8, 42, '3', NULL, 84),
	(97, 8, 43, '3', NULL, 86),
	(98, 8, 44, '3', NULL, 91),
	(99, 8, 45, '3', NULL, 95);

-- Volcando estructura para tabla db_encuesta_3.diagnostic
CREATE TABLE IF NOT EXISTS `diagnostic` (
  `id` int NOT NULL AUTO_INCREMENT,
  `customer_id` int NOT NULL,
  `diagnostic` longtext CHARACTER SET utf8mb4 COLLATE utf8mb4_unicode_ci,
  `questionary_id` int NOT NULL,
  PRIMARY KEY (`id`),
  KEY `IDX_FA7C88899395C3F3` (`customer_id`),
  KEY `IDX_FA7C8889C49CC05F` (`questionary_id`),
  CONSTRAINT `FK_FA7C88899395C3F3` FOREIGN KEY (`customer_id`) REFERENCES `customer` (`id`),
  CONSTRAINT `FK_FA7C8889C49CC05F` FOREIGN KEY (`questionary_id`) REFERENCES `questionary` (`id`)
) ENGINE=InnoDB AUTO_INCREMENT=39 DEFAULT CHARSET=utf8mb4 COLLATE=utf8mb4_unicode_ci;

-- Volcando datos para la tabla db_encuesta_3.diagnostic: ~11 rows (aproximadamente)
DELETE FROM `diagnostic`;
INSERT INTO `diagnostic` (`id`, `customer_id`, `diagnostic`, `questionary_id`) VALUES
	(28, 6, 'Comentario de los registros....', 19),
	(29, 6, 'Segunda prueba de guardado....', 19),
	(30, 6, 'Primer texto del segundo', 22),
	(31, 6, 'Primer texto del segundo', 22),
	(32, 6, 'Camino de los campos de los datos....', 22),
	(33, 6, 'La ultima sección de los datos...', 21),
	(34, 1, 'ssss', 19),
	(35, 1, 'ssss', 19),
	(36, 1, 'ssss', 19),
	(37, 1, 'ssss', 19),
	(38, 1, 'ssss', 19);

-- Volcando estructura para tabla db_encuesta_3.diagnostic_questions
CREATE TABLE IF NOT EXISTS `diagnostic_questions` (
  `id` int NOT NULL AUTO_INCREMENT,
  `diagnostic_id` int NOT NULL,
  `customer_survey_id` int NOT NULL,
  PRIMARY KEY (`id`),
  KEY `IDX_3B2C941C224CCA91` (`diagnostic_id`),
  KEY `IDX_3B2C941C1803A887` (`customer_survey_id`),
  CONSTRAINT `FK_3B2C941C1803A887` FOREIGN KEY (`customer_survey_id`) REFERENCES `customer_survey` (`id`),
  CONSTRAINT `FK_3B2C941C224CCA91` FOREIGN KEY (`diagnostic_id`) REFERENCES `diagnostic` (`id`)
) ENGINE=InnoDB AUTO_INCREMENT=21 DEFAULT CHARSET=utf8mb4 COLLATE=utf8mb4_unicode_ci;

-- Volcando datos para la tabla db_encuesta_3.diagnostic_questions: ~16 rows (aproximadamente)
DELETE FROM `diagnostic_questions`;
INSERT INTO `diagnostic_questions` (`id`, `diagnostic_id`, `customer_survey_id`) VALUES
	(5, 28, 61),
	(6, 28, 63),
	(7, 29, 61),
	(8, 29, 63),
	(9, 30, 65),
	(10, 30, 66),
	(11, 31, 65),
	(12, 31, 66),
	(13, 32, 66),
	(14, 32, 64),
	(15, 32, 67),
	(16, 32, 68),
	(17, 33, 75),
	(18, 36, 5),
	(19, 37, 5),
	(20, 38, 5);

-- Volcando estructura para tabla db_encuesta_3.doctrine_migration_versions
CREATE TABLE IF NOT EXISTS `doctrine_migration_versions` (
  `version` varchar(191) CHARACTER SET utf8mb3 COLLATE utf8mb3_unicode_ci NOT NULL,
  `executed_at` datetime DEFAULT NULL,
  `execution_time` int DEFAULT NULL,
  PRIMARY KEY (`version`)
) ENGINE=InnoDB DEFAULT CHARSET=utf8mb3 COLLATE=utf8mb3_unicode_ci;

-- Volcando datos para la tabla db_encuesta_3.doctrine_migration_versions: ~17 rows (aproximadamente)
DELETE FROM `doctrine_migration_versions`;
INSERT INTO `doctrine_migration_versions` (`version`, `executed_at`, `execution_time`) VALUES
	('DoctrineMigrations\\Version20230607203935', '2023-06-07 20:39:45', 31),
	('DoctrineMigrations\\Version20230706203309', '2023-07-06 20:52:55', 56),
	('DoctrineMigrations\\Version20230724195336', '2023-12-12 03:51:11', 59),
	('DoctrineMigrations\\Version20230803162209', '2023-12-12 03:51:11', 36),
	('DoctrineMigrations\\Version20231117192059', '2023-12-12 05:51:36', 3),
	('DoctrineMigrations\\Version20231117192146', '2023-12-12 05:51:37', 0),
	('DoctrineMigrations\\Version20231117192711', '2023-12-12 05:51:37', 67),
	('DoctrineMigrations\\Version20231128163053', '2023-12-12 05:51:37', 55),
	('DoctrineMigrations\\Version20231130224429', '2023-12-12 05:51:37', 199),
	('DoctrineMigrations\\Version20231218213305', '2023-12-18 21:35:23', 86),
	('DoctrineMigrations\\Version20231218213451', '2023-12-18 21:35:57', 26),
	('DoctrineMigrations\\Version20231218215214', '2023-12-18 21:52:30', 41),
	('DoctrineMigrations\\Version20231218222119', '2023-12-18 22:21:29', 78),
	('DoctrineMigrations\\Version20231220204652', '2023-12-20 21:15:24', 69),
	('DoctrineMigrations\\Version20231228214325', '2023-12-28 21:43:32', 56),
	('DoctrineMigrations\\Version20231228220133', '2023-12-28 22:01:41', 69),
	('DoctrineMigrations\\Version20231228221556', '2023-12-28 22:16:07', 116);

-- Volcando estructura para tabla db_encuesta_3.questionary
CREATE TABLE IF NOT EXISTS `questionary` (
  `id` int NOT NULL AUTO_INCREMENT,
  `title` varchar(255) CHARACTER SET utf8mb4 COLLATE utf8mb4_unicode_ci NOT NULL,
  `status` int NOT NULL,
  `date_insert` datetime DEFAULT NULL,
  `user_insert` int DEFAULT NULL,
  `date_update` datetime DEFAULT NULL,
  `user_update` int DEFAULT NULL,
  `orden` int NOT NULL,
  PRIMARY KEY (`id`)
) ENGINE=InnoDB AUTO_INCREMENT=34 DEFAULT CHARSET=utf8mb4 COLLATE=utf8mb4_unicode_ci;

-- Volcando datos para la tabla db_encuesta_3.questionary: ~8 rows (aproximadamente)
DELETE FROM `questionary`;
INSERT INTO `questionary` (`id`, `title`, `status`, `date_insert`, `user_insert`, `date_update`, `user_update`, `orden`) VALUES
	(18, 'Administrativo', 1, '2023-07-06 22:15:49', 2, NULL, NULL, 5),
	(19, 'Estratégico', 1, '2023-07-13 00:20:40', 3, NULL, NULL, 2),
	(20, 'General', 1, '2023-07-22 04:27:37', 3, '2023-07-27 04:47:49', 3, 1),
	(21, 'Operaciones', 1, '2023-07-22 04:29:54', 3, NULL, NULL, 6),
	(22, 'Comercial', 1, '2023-07-22 04:30:06', 3, NULL, NULL, 3),
	(23, 'Marketing', 1, '2023-07-27 05:13:34', 3, NULL, NULL, 4),
	(24, 'Sistemas', 1, '2023-12-12 22:51:33', 3, NULL, NULL, 7),
	(25, 'Categori prueba', 0, NULL, NULL, NULL, NULL, 10);

-- Volcando estructura para tabla db_encuesta_3.questions
CREATE TABLE IF NOT EXISTS `questions` (
  `id` int NOT NULL AUTO_INCREMENT,
  `questionary_id` int NOT NULL,
  `title` varchar(255) CHARACTER SET utf8mb4 COLLATE utf8mb4_unicode_ci NOT NULL,
  `input_type` int DEFAULT NULL,
  `date_insert` timestamp NULL DEFAULT NULL,
  `user_insert` int DEFAULT NULL,
  `date_update` timestamp NULL DEFAULT NULL,
  `user_update` int DEFAULT NULL,
  `status` int DEFAULT NULL,
  `all_sectors` int DEFAULT NULL,
  `questionnaire_response` int DEFAULT NULL,
  PRIMARY KEY (`id`),
  KEY `IDX_8ADC54D5C49CC05F` (`questionary_id`),
  CONSTRAINT `FK_8ADC54D5C49CC05F` FOREIGN KEY (`questionary_id`) REFERENCES `questionary` (`id`)
) ENGINE=InnoDB AUTO_INCREMENT=71 DEFAULT CHARSET=utf8mb4 COLLATE=utf8mb4_unicode_ci;

-- Volcando datos para la tabla db_encuesta_3.questions: ~26 rows (aproximadamente)
DELETE FROM `questions`;
INSERT INTO `questions` (`id`, `questionary_id`, `title`, `input_type`, `date_insert`, `user_insert`, `date_update`, `user_update`, `status`, `all_sectors`, `questionnaire_response`) VALUES
	(24, 18, '¿Cuenta con área de almacén o logística?', 1, '2023-07-08 02:27:00', 2, '2023-12-14 18:44:54', 3, 1, 0, 0),
	(26, 19, 'Año de creación o inicio de actividades de la empresa', 6, '2023-07-13 05:25:12', 3, '2023-09-11 12:41:17', 3, 1, NULL, NULL),
	(27, 20, 'Años de creación de la empresa', 6, '2023-07-27 09:48:19', 3, '2023-12-13 03:49:00', 3, 1, 0, 1),
	(28, 20, 'Provincia en la que se encuentra ubicado', 1, '2023-07-27 09:49:28', 3, '2023-12-12 11:05:28', 3, 1, 0, 1),
	(29, 20, 'Tipo de razón social', 3, '2023-07-27 09:51:45', 3, '2023-12-13 03:49:34', 3, 1, 0, 0),
	(30, 20, 'Número de socios', 1, '2023-07-27 09:53:38', 3, '2023-12-13 03:49:43', 3, 1, 1, 0),
	(31, 19, '¿Cuenta con un plan de negocios?', 3, '2023-07-27 09:54:51', 3, '2023-09-11 12:41:23', 3, 1, NULL, NULL),
	(32, 19, 'Propuesta de Valor', 2, '2023-07-27 09:58:15', 3, '2023-09-11 12:41:30', 3, 1, NULL, NULL),
	(33, 23, 'Cuentan con Brochure', 1, '2023-07-27 10:14:03', 3, NULL, NULL, 1, NULL, NULL),
	(34, 23, 'Medios publicitarios', 3, '2023-07-27 10:15:12', 3, NULL, NULL, 1, NULL, NULL),
	(35, 22, 'Producto o Servicio', 3, '2023-07-27 10:16:27', 3, '2023-09-11 12:41:46', 3, 1, NULL, NULL),
	(36, 18, 'Número de trabajadores', 3, '2023-07-27 10:17:57', 3, '2023-07-27 10:35:55', 3, 1, NULL, NULL),
	(37, 18, 'Requiere Financiamiento', 3, '2023-07-27 10:26:02', 3, NULL, NULL, 1, NULL, NULL),
	(38, 22, 'Tipo de Venta', 3, '2023-09-11 12:42:30', 3, NULL, NULL, 1, NULL, NULL),
	(39, 19, 'Modelo de Negocio', 3, '2023-09-11 12:44:50', 3, NULL, NULL, 1, NULL, NULL),
	(42, 24, '¿ Cual es tu metodología de desarrollo ?', 3, '2023-12-13 03:52:22', 3, NULL, NULL, 1, 0, 0),
	(43, 24, '¿ Lenguaje de programación back-end ? ', 3, '2023-12-13 03:54:05', 3, '2023-12-13 03:55:17', 3, 1, 0, 0),
	(44, 24, '¿ Lenguaje de programación Front - End ?	', 3, '2023-12-13 03:58:17', 3, NULL, NULL, 1, 0, 0),
	(45, 24, '¿ Tipo de Prueba de Calidad de Software que aplicas en tu empresa ?', 3, '2023-12-13 04:00:52', 3, '2023-12-13 04:06:46', 3, 1, 0, 0),
	(46, 22, 'Ventas mensuales', 3, '2023-12-14 16:57:24', 3, '2023-12-14 17:07:06', 3, 1, 0, 0),
	(47, 22, 'Principal Canal de Comercialización', 3, '2023-12-14 17:09:18', 3, '2023-12-14 17:55:14', 3, 1, 1, 0),
	(48, 22, 'Cuenta con Personal de Ventas', 3, '2023-12-14 18:28:24', 3, NULL, NULL, 1, 1, 0),
	(49, 22, 'Cantidad de personas en Ventas', 1, '2023-12-14 18:29:27', 3, NULL, NULL, 1, 1, 0),
	(50, 21, 'Cuantas personas trabajan a nivel operativo', 3, '2023-12-14 18:35:20', 3, '2023-12-14 18:35:33', 3, 1, 1, 0),
	(51, 18, '¿ Por que contamos con almacenes ?', 1, '2025-07-08 02:23:17', 12, NULL, NULL, 1, 0, 0);

-- Volcando estructura para tabla db_encuesta_3.user
CREATE TABLE IF NOT EXISTS `user` (
  `id` int NOT NULL AUTO_INCREMENT,
  `email` varchar(180) CHARACTER SET utf8mb4 COLLATE utf8mb4_unicode_ci NOT NULL,
  `password` varchar(255) CHARACTER SET utf8mb4 COLLATE utf8mb4_unicode_ci NOT NULL,
  `created_at` timestamp(6) NOT NULL DEFAULT CURRENT_TIMESTAMP(6),
  `roles` json DEFAULT NULL,
  PRIMARY KEY (`id`)
) ENGINE=InnoDB AUTO_INCREMENT=22 DEFAULT CHARSET=utf8mb4 COLLATE=utf8mb4_unicode_ci;

-- Volcando datos para la tabla db_encuesta_3.user: ~9 rows (aproximadamente)
DELETE FROM `user`;
INSERT INTO `user` (`id`, `email`, `password`, `created_at`, `roles`) VALUES
	(10, 'correo-prueba-1@gmail.com', '$2b$10$ewZxPs.ebxXbgq3psxvqh.LiugLKc6.j9AM5nyI.oyqtZffBZ6trW', '2025-05-03 03:06:46.952930', '["ROL_USUARIO"]'),
	(11, 'dddp@gmail.com', '$2b$10$b7n/HNpfWvJDz3uPbx/Q2eMpsTNiUf7Gy4Ieu7LA0j4xdE/VdSHAq', '2025-05-03 03:22:23.140283', '["ROL_USUARIO"]'),
	(12, 'perde29@gmail.com', '$2y$13$1EuIKclhJp5qQGpDX.Zhj.0ixDZT8d/GjesPC/HjuIqUOUCxmnqei', '2025-05-21 01:27:11.725773', '["ROL_ADMIN", "ROL_USUARIO"]'),
	(13, 'correo-prueba@gmail.com', '$2b$10$3TUZdiDHIWQGIxmjb4C.VuHBAS9Jn3Bsu0MWbTHdkB36RgN5ai12C', '2025-06-05 02:49:18.970291', '["ROL_USUARIO"]'),
	(16, 'usuario1@gmail.com', '$2b$10$RVVDv8.nxt9Ehakl0WOg.uOW9to8hOsS8GEz.NlAkZxy.pZtcC8FS', '2025-06-05 04:15:34.104544', '["ROL_USUARIO"]'),
	(17, 'usuario1rrr@gmail.com', '$2b$10$ekD48FjMTwz66NiKHpP.JeFNTJdbf38J1vz2V6CjkMYsqSlAdgxC.', '2025-06-05 04:17:14.280482', '["ROL_USUARIO"]'),
	(18, 'usuarsssio3333@gmail.com', '$2b$10$qvwDeh1b1gVKV1ECVouuE..ZygJ8Xhw0gznrsbwRAZNn7as5ahUHm', '2025-06-06 03:26:15.013612', '["ROL_USUARIO"]'),
	(19, 'usuarsssio5555@gmail.com', '$2b$10$HQwA4g2fp6CmMa.yJr5Rx.22Pks8/j4FUGf7UDjDuoQqgvP1MsXXq', '2025-06-07 20:57:59.638439', '["ROL_USUARIO"]'),
	(21, 'usuarsssio888888@gmail.com', '$2b$10$FddfTQswQX5IKiR6zozfO.Uu/7MpFtQsdyqsum0hS.xbon2tvy9Su', '2025-06-07 21:19:01.297544', '["ROL_USUARIO"]');

/*!40103 SET TIME_ZONE=IFNULL(@OLD_TIME_ZONE, 'system') */;
/*!40101 SET SQL_MODE=IFNULL(@OLD_SQL_MODE, '') */;
/*!40014 SET FOREIGN_KEY_CHECKS=IFNULL(@OLD_FOREIGN_KEY_CHECKS, 1) */;
/*!40101 SET CHARACTER_SET_CLIENT=@OLD_CHARACTER_SET_CLIENT */;
/*!40111 SET SQL_NOTES=IFNULL(@OLD_SQL_NOTES, 1) */;
